{
  "mse": 0.30123812499999997,
  "r2_score": 0.5390429623873638
}